admn_no,sec_lang
2004052,bengali
2004053,hindi
2004054,bengali
2004055,hindi
2004056,bengali
2004057,bengali
2004058,hindi
2004059,bengali
2004060,hindi
2004061,bengali
2004062,bengali
2004063,hindi
2004064,bengali
2004065,hindi
2004066,bengali
2004067,bengali
2004068,hindi
2004069,bengali
2004070,hindi
2004071,bengali
2004072,bengali
2004073,hindi
2004074,bengali
2004075,hindi
2004076,bengali
2004077,bengali
2004078,hindi
2004079,bengali
2004080,hindi
2004081,bengali
2004082,bengali
2004083,hindi
2004084,bengali
2004085,hindi
2004086,bengali
2004087,bengali
2004088,hindi
2004089,bengali
2004090,hindi
2004091,bengali
2004092,bengali
2004093,hindi
2004094,bengali
2004095,hindi
2004096,bengali
2004097,bengali
2004098,hindi
2004099,bengali
2004100,hindi
2004101,bengali
2004102,bengali
2004103,hindi
2004104,bengali
2004105,hindi
2004106,bengali
2004107,bengali
2004108,hindi
2004109,bengali
2004110,hindi
2004111,bengali
2004112,bengali
2004113,hindi
2004114,bengali
2004115,hindi
2004116,bengali
2004117,bengali
2004118,hindi
2004119,bengali
2004120,hindi
2004121,bengali
2004122,bengali
2004123,hindi
2004124,bengali
2004125,hindi
2004126,bengali
2004127,bengali
2004128,hindi
2004129,bengali
2004130,hindi
2004131,bengali
2004132,bengali
2004133,hindi
2004134,bengali
2004135,hindi
2004136,bengali
2004137,bengali
2004138,hindi
2004139,bengali
2004140,hindi
2004141,bengali
2004142,bengali
2004143,hindi
2004144,bengali
2004145,hindi
2004146,bengali
2004147,bengali
2004148,hindi
2004149,bengali
2004150,hindi
2004151,bengali
2004152,bengali
2004153,hindi
2004154,bengali
2004155,hindi
2004156,bengali
2004157,bengali
2004158,hindi
2004159,bengali
2004160,hindi
2004161,bengali
2004162,bengali
2004163,hindi
2004164,bengali
2004165,hindi
2004166,bengali
2004167,bengali
2004168,hindi
2004169,bengali
2004170,hindi
2004171,bengali
2004172,bengali
2004173,hindi
2004174,bengali
2004175,hindi
2004176,bengali
2004177,bengali
2004178,hindi
2004179,bengali
2004180,hindi
2004181,bengali
2004182,bengali
2004183,hindi
2004184,bengali
2004185,hindi
2004186,bengali
2004187,bengali
2004188,hindi
2004189,bengali
2004190,hindi
2004191,bengali
2004192,bengali
2004193,hindi
2004194,bengali
2004195,hindi
2004196,bengali
2004197,bengali
2004198,hindi
2004199,bengali
2004200,hindi
2004201,bengali
2004202,bengali
2004203,hindi
2004204,bengali
2004205,hindi
2004206,bengali
2004207,bengali
2004208,hindi
2004209,bengali
2004210,hindi
2004211,bengali
2004212,bengali
2004213,hindi
2004214,bengali
2004215,hindi
2004216,bengali
2004217,bengali
2004218,hindi
2004219,bengali
2004220,hindi
2004221,bengali
2004222,bengali
2004223,hindi
2004224,bengali
2004225,hindi
2004226,bengali
2004227,bengali
2004228,hindi
2004229,bengali
2004230,hindi
2004231,bengali
2004232,bengali
2004233,hindi
2004234,bengali
2004235,hindi
2004236,bengali
2004237,bengali
2004238,hindi
2004239,bengali
2004240,hindi
2004241,bengali
2004242,bengali
2004243,hindi
2004244,bengali
2004245,hindi
2004246,bengali
2004247,bengali
2004248,hindi
2004249,bengali
2004250,hindi
2004251,bengali
2004252,bengali
2004253,hindi
2004254,bengali
2004255,hindi
2004256,bengali
2004257,bengali
2004258,hindi
2004259,bengali
2004260,hindi
2004261,bengali
2004262,bengali
2004263,hindi
2004264,bengali
2004265,hindi
2004266,bengali
2004267,bengali
2004268,hindi
2004269,bengali
2004270,hindi
2004271,bengali
2004272,bengali
2004273,hindi
2004274,bengali
2004275,hindi
2004276,bengali
2004277,bengali
2004278,hindi
2004279,bengali
2004280,hindi
2004281,bengali
2004282,bengali
2004283,hindi
2004284,bengali
2004285,hindi
2004286,bengali
2004287,bengali
2004288,hindi
2004289,bengali
2004290,hindi
2004291,bengali
2004292,bengali
2004293,hindi
2004294,bengali
2004295,hindi
2004296,bengali
2004297,bengali
2004298,hindi
2004299,bengali
2004300,hindi
2004301,bengali
2004302,bengali
2004303,hindi
2004304,bengali
2004305,hindi
2004306,bengali
2004307,bengali
2004308,hindi
2004309,bengali
2004310,hindi
2004311,bengali
2004312,bengali
2004313,hindi
2004314,bengali
2004315,hindi
2004316,bengali
2004317,bengali
2004318,hindi
2004319,bengali
2004320,hindi
2004321,bengali
2004322,bengali
2004323,hindi
2004324,bengali
2004325,hindi
2004326,bengali
2004327,bengali
2004328,hindi
2004329,bengali
2004330,hindi
2004331,bengali
2004332,bengali
2004333,hindi
2004334,bengali
2004335,hindi
2004336,bengali
2004337,bengali
2004338,hindi
2004339,bengali
2004340,hindi
2004341,bengali
2004342,bengali
2004343,hindi
2004344,bengali
2004345,hindi
2004346,bengali
2004347,bengali
2004348,hindi
2004349,bengali
2004350,hindi
2004351,bengali
2004352,bengali
2004353,hindi
2004354,bengali
2004355,hindi
2004356,bengali
2004357,bengali
2004358,hindi
2004359,bengali
2004360,hindi
2004361,bengali
2004362,bengali
2004363,hindi
2004364,bengali
2004365,hindi
2004366,bengali
2004367,bengali
2004368,hindi
2004369,bengali
2004370,hindi
2004371,bengali
2004372,bengali
2004373,hindi
2004374,bengali
2004375,hindi
2004376,bengali
2004377,bengali
2004378,hindi
2004379,bengali
2004380,hindi
2004381,bengali
2004382,bengali
2004383,hindi
2004384,bengali
2004385,hindi
2004386,bengali
2004387,bengali
2004388,hindi
2004389,bengali
2004390,hindi
2004391,bengali
2004392,bengali
2004393,hindi
2004394,bengali
2004395,hindi
2004396,bengali
2004397,bengali
2004398,hindi
2004399,bengali
2004400,hindi
2004401,bengali
2004402,bengali
2004403,hindi
2004404,bengali
2004405,hindi
2004406,bengali
2004407,bengali
2004408,hindi
2004409,bengali
2004410,hindi
2004411,bengali
2004412,bengali
2004413,hindi
2004414,bengali
2004415,hindi
2004416,bengali
2004417,bengali
2004418,hindi
2004419,bengali
2004420,hindi
2004421,bengali
2004422,bengali
2004423,hindi
2004424,bengali
2004425,hindi
2004426,bengali
2004427,bengali
2004428,hindi
2004429,bengali
2004430,hindi
2004431,bengali
2004432,bengali
2004433,hindi
2004434,bengali
2004435,hindi
2004436,bengali
2004437,bengali
2004438,hindi
2004439,bengali
2004440,hindi
2004441,bengali
2004442,bengali
2004443,hindi
2004444,bengali
2004445,hindi
2004446,bengali
2004447,bengali
2004448,hindi
2004449,bengali
2004450,hindi
2004451,bengali
2004452,bengali
2004453,hindi
2004454,bengali
2004455,hindi
2004456,bengali
2004457,bengali
2004458,hindi
2004459,bengali
2004460,hindi
2004461,bengali
2004462,bengali
2004463,hindi
2004464,bengali
2004465,hindi
2004466,bengali
2004467,bengali
2004468,hindi
2004469,bengali
2004470,hindi
2004471,bengali
2004472,bengali
2004473,hindi
2004474,bengali
2004475,hindi
2004476,bengali
2004477,bengali
2004478,hindi
2004479,bengali
2004480,hindi
2004481,bengali
2004482,bengali
2004483,hindi
2004484,bengali
2004485,hindi
2004486,bengali
2004487,bengali
2004488,hindi
2004489,bengali
2004490,hindi
2004491,bengali
2004492,bengali
2004493,hindi
2004494,bengali
2004495,hindi
2004496,bengali
2004497,bengali
2004498,hindi
2004499,bengali
2004500,hindi
2004501,bengali
2004502,bengali
2004503,hindi
2004504,bengali
2004505,hindi
2004506,bengali
2004507,bengali
2004508,hindi
2004509,bengali
2004510,hindi
2004511,bengali
2004512,bengali
2004513,hindi
2004514,bengali
2004515,hindi
2004516,bengali
2004517,bengali
2004518,hindi
2004519,bengali
2004520,hindi
2004521,bengali
2004522,bengali
2004523,hindi
2004524,bengali
2004525,hindi
2004526,bengali
2004527,bengali
2004528,hindi
2004529,bengali
2004530,hindi
2004531,bengali
2004532,bengali
2004533,hindi
2004534,bengali
2004535,hindi
2004536,bengali
2004537,bengali
2004538,hindi
2004539,bengali
2004540,hindi
2004541,bengali
2004542,bengali
2004543,hindi
2004544,bengali
2004545,hindi
2004546,bengali
2004547,bengali
2004548,hindi
2004549,bengali
2004550,hindi
2004551,bengali
2004552,bengali
2004553,hindi
2004554,bengali
2004555,hindi
2004556,bengali
2004557,bengali
2004558,hindi
2004559,bengali
2004560,hindi
2004561,bengali
2004562,bengali
2004563,hindi
2004564,bengali
2004565,hindi
2004566,bengali
2004567,bengali
2004568,hindi
2004569,bengali
2004570,hindi
2004571,bengali
2004572,bengali
2004573,hindi
2004574,bengali
2004575,hindi
2004576,bengali
2004577,bengali
2004578,hindi
2004579,bengali
2004580,hindi
2004581,bengali
2004582,bengali
2004583,hindi
2004584,bengali
2004585,hindi
2004586,bengali
2004587,bengali
2004588,hindi
2004589,bengali
2004590,hindi
2004591,bengali
2004592,bengali
2004593,hindi
2004594,bengali
2004595,hindi
2004596,bengali
2004597,bengali
2004598,hindi
2004599,bengali
2004600,hindi
2004601,bengali
2004602,bengali
2004603,hindi
2004604,bengali
2004605,hindi
2004606,bengali
2004607,bengali
2004608,hindi
2004609,bengali
2004610,hindi
2004611,bengali
2004612,bengali
2004613,hindi
2004614,bengali
2004615,hindi
2004616,bengali
2004617,bengali
2004618,hindi
2004619,bengali
2004620,hindi
2004621,bengali
2004622,bengali
2004623,hindi
2004624,bengali
2004625,hindi
2004626,bengali
2004627,bengali
2004628,hindi
2004629,bengali
2004630,hindi
2004631,bengali
2004632,bengali
2004633,hindi
2004634,bengali
2004635,hindi
2004636,bengali
2004637,bengali
2004638,hindi
2004639,bengali
2004640,hindi
2004641,bengali
2004642,bengali
2004643,hindi
2004644,bengali
2004645,hindi
2004646,bengali
2004647,bengali
2004648,hindi
2004649,bengali
2004650,hindi
2004651,bengali
2004652,bengali
2004653,hindi
2004654,bengali
2004655,hindi
2004656,bengali
2004657,bengali
2004658,hindi
2004659,bengali
2004660,hindi
2004661,bengali
2004662,bengali
2004663,hindi
2004664,bengali
2004665,hindi
2004666,bengali
2004667,bengali
2004668,hindi
2004669,bengali
2004670,hindi
2004671,bengali
2004672,bengali
2004673,hindi
2004674,bengali
2004675,hindi
2004676,bengali
2004677,bengali
2004678,hindi
2004679,bengali
2004680,hindi
2004681,bengali
2004682,bengali
2004683,hindi
2004684,bengali
2004685,hindi
2004686,bengali
2004687,bengali
2004688,hindi
2004689,bengali
2004690,hindi
2004691,bengali
2004692,bengali
2004693,hindi
2004694,bengali
2004695,hindi
2004696,bengali
2004697,bengali
2004698,hindi
2004699,bengali
2004700,hindi
2004701,bengali
2004702,bengali
2004703,hindi
2004704,bengali
2004705,hindi
2004706,bengali
2004707,bengali
2004708,hindi
2004709,bengali
2004710,hindi
2004711,bengali
2004712,bengali
2004713,hindi
2004714,bengali
2004715,hindi
2004716,bengali
2004717,bengali
2004718,hindi
2004719,bengali
2004720,hindi
2004721,bengali
2004722,bengali
2004723,hindi
2004724,bengali
2004725,hindi
2004726,bengali
2004727,bengali
2004728,hindi
2004729,bengali
2004730,hindi
2004731,bengali
2004732,bengali
2004733,hindi
2004734,bengali
2004735,hindi
2004736,bengali
2004737,bengali
2004738,hindi
2004739,bengali
2004740,hindi
2004741,bengali
2004742,bengali
2004743,hindi
2004744,bengali
2004745,hindi
2004746,bengali
2004747,bengali
2004748,hindi
2004749,bengali
2004750,hindi
2004751,bengali
2004752,bengali
2004753,hindi
2004754,bengali
2004755,hindi
2004756,bengali
2004757,bengali
2004758,hindi
2004759,bengali
2004760,hindi
2004761,bengali
2004762,bengali
2004763,hindi
2004764,bengali
2004765,hindi
2004766,bengali
2004767,bengali
2004768,hindi
2004769,bengali
2004770,hindi
2004771,bengali
2004772,bengali
2004773,hindi
2004774,bengali
2004775,hindi
2004776,bengali
2004777,bengali
2004778,hindi
2004779,bengali
2004780,hindi
2004781,bengali
2004782,bengali
2004783,hindi
2004784,bengali
2004785,hindi
2004786,bengali
2004787,bengali
2004788,hindi
2004789,bengali
2004790,hindi
2004791,bengali
2004792,bengali
2004793,hindi
2004794,bengali
2004795,hindi
2004796,bengali
2004797,bengali
2004798,hindi
2004799,bengali
2004800,hindi
2004801,bengali
2004802,bengali
2004803,hindi
2004804,bengali
2004805,hindi
2004806,bengali
2004807,bengali
2004808,hindi
2004809,bengali
2004810,hindi
2004811,bengali
2004812,bengali
2004813,hindi
2004814,bengali
2004815,hindi
2004816,bengali
2004817,bengali
2004818,hindi
2004819,bengali
2004820,hindi
2004821,bengali
2004822,bengali
2004823,hindi
2004824,bengali
2004825,hindi
2004826,bengali
2004827,bengali
2004828,hindi
2004829,bengali
2004830,hindi
2004831,bengali
2004832,bengali
2004833,hindi
2004834,bengali
2004835,hindi
2004836,bengali
2004837,bengali
2004838,hindi
2004839,bengali
2004840,hindi
2004841,bengali
2004842,bengali
2004843,hindi
2004844,bengali
2004845,hindi
2004846,bengali
2004847,bengali
2004848,hindi
2004849,bengali
2004850,hindi
2004851,bengali
2004852,bengali
2004853,hindi
2004854,bengali
2004855,hindi
2004856,bengali
2004857,bengali
2004858,hindi
2004859,bengali
2004860,hindi
2004861,bengali
2004862,bengali
2004863,hindi
2004864,bengali
2004865,hindi
2004866,bengali
2004867,bengali
2004868,hindi
2004869,bengali
2004870,hindi
2004871,bengali
2004872,bengali
2004873,hindi
2004874,bengali
2004875,hindi
2004876,bengali
2004877,bengali
2004878,hindi
2004879,bengali
2004880,hindi
2004881,bengali
2004882,bengali
2004883,hindi
2004884,bengali
2004885,hindi
2004886,bengali
2004887,bengali
2004888,hindi
2004889,bengali
2004890,hindi
2004891,bengali
2004892,bengali
2004893,hindi
2004894,bengali
2004895,hindi
2004896,bengali
2004897,bengali
2004898,hindi
2004899,bengali
2004900,hindi
2004901,bengali
2004902,bengali
2004903,hindi
2004904,bengali
2004905,hindi
2004906,bengali
2004907,bengali
2004908,hindi
2004909,bengali
2004910,hindi
2004911,bengali
2004912,bengali
2004913,hindi
2004914,bengali
2004915,hindi
2004916,bengali
2004917,bengali
2004918,hindi
2004919,bengali
2004920,hindi
2004921,bengali
2004922,bengali
2004923,hindi
2004924,bengali
2004925,hindi
2004926,bengali
2004927,bengali
2004928,hindi
2004929,bengali
2004930,hindi
2004931,bengali
2004932,bengali
2004933,hindi
2004934,bengali
2004935,hindi
2004936,bengali
2004937,bengali
2004938,hindi
2004939,bengali
2004940,hindi
2004941,bengali
2004942,bengali
2004943,hindi
2004944,bengali
2004945,hindi
2004946,bengali
2004947,bengali
2004948,hindi
2004949,bengali
2004950,hindi
2004951,bengali
2004952,bengali
2004953,hindi
2004954,bengali
2004955,hindi
2004956,bengali
2004957,bengali
2004958,hindi
2004959,bengali
2004960,hindi
2004961,bengali
2004962,bengali
2004963,hindi
2004964,bengali
2004965,hindi
2004966,bengali
2004967,bengali
2004968,hindi
2004969,bengali
2004970,hindi
2004971,bengali
2004972,bengali
2004973,hindi
2004974,bengali
2004975,hindi
2004976,bengali
2004977,bengali
2004978,hindi
2004979,bengali
2004980,hindi
2004981,bengali
2004982,bengali
2004983,hindi
2004984,bengali
2004985,hindi
2004986,bengali
2004987,bengali
2004988,hindi
2004989,bengali
2004990,hindi
2004991,bengali
2004992,bengali
2004993,hindi
2004994,bengali
2004995,hindi
2004996,bengali
2004997,bengali
2004998,hindi
2004999,bengali
2005000,hindi
2005001,bengali
2005002,bengali
2005003,hindi
2005004,bengali
2005005,hindi
2005006,bengali
2005007,bengali
2005008,hindi
2005009,bengali
2005010,hindi
2005011,bengali
2005012,bengali
2005013,hindi
2005014,bengali
2005015,hindi
2005016,bengali
2005017,bengali
2005018,hindi
2005019,bengali
2005020,hindi
2005021,bengali
2005022,bengali
2005023,hindi
2005024,bengali
2005025,hindi
2005026,bengali
2005027,bengali
2005028,hindi
2005029,bengali
2005030,hindi
2005031,bengali
2005032,bengali
2005033,hindi
2005034,bengali
2005035,hindi
2005036,bengali
2005037,bengali
2005038,hindi
2005039,bengali
2005040,hindi
2005041,bengali
2005042,bengali
2005043,hindi
2005044,bengali
2005045,hindi
2005046,bengali
2005047,bengali
2005048,hindi
2005049,bengali
2005050,hindi
2005051,bengali
2005052,bengali
2005053,hindi
2005054,bengali
2005055,hindi
2005056,bengali
2005057,bengali
2005058,hindi
2005059,bengali
2005060,hindi
2005061,bengali
2005062,bengali
2005063,hindi
2005064,bengali
2005065,hindi
2005066,bengali
2005067,bengali
2005068,hindi
2005069,bengali
2005070,hindi
2005071,bengali
2005072,bengali
2005073,hindi
2005074,bengali
2005075,hindi
2005076,bengali
2005077,bengali
2005078,hindi
2005079,bengali
2005080,hindi
2005081,bengali
2005082,bengali
2005083,hindi
2005084,bengali
2005085,hindi
2005086,bengali
2005087,bengali
2005088,hindi
2005089,bengali
2005090,hindi
2005091,bengali
2005092,bengali
2005093,hindi
2005094,bengali
2005095,hindi
2005096,bengali
2005097,bengali
2005098,hindi
2005099,bengali
2005100,hindi
2005101,bengali
2005102,bengali
2005103,hindi
2005104,bengali
2005105,hindi
2005106,bengali
2005107,bengali
2005108,hindi
2005109,bengali
2005110,hindi
2005111,bengali
2005112,bengali
2005113,hindi
2005114,bengali
2005115,hindi
2005116,bengali
2005117,bengali
2005118,hindi
2005119,bengali
2005120,hindi
2005121,bengali
2005122,bengali
2005123,hindi
2005124,bengali
2005125,hindi
2005126,bengali
2005127,bengali
2005128,hindi
2005129,bengali
2005130,hindi
2005131,bengali
2005132,bengali
2005133,hindi
2005134,bengali
2005135,hindi
2005136,bengali
2005137,bengali
2005138,hindi
2005139,bengali
2005140,hindi
2005141,bengali
2005142,bengali
2005143,hindi
2005144,bengali
2005145,hindi
2005146,bengali
2005147,bengali
2005148,hindi
2005149,bengali
2005150,hindi
2005151,bengali
2005152,bengali
2005153,hindi
2005154,bengali
2005155,hindi
2005156,bengali
2005157,bengali
2005158,hindi
2005159,bengali
2005160,hindi
2005161,bengali
2005162,bengali
2005163,hindi
2005164,bengali
2005165,hindi
2005166,bengali
2005167,bengali
2005168,hindi
2005169,bengali
2005170,hindi
2005171,bengali
2005172,bengali
2005173,hindi
